{"0": {"pos": {"x": 426, "y": 111}, "type": "node", "neighbors": {"2": 129.46814279968643, "1": 154.82893786369524, "3": 126.19429464123962}}, "1": {"pos": {"x": 562, "y": 185}, "type": "node", "neighbors": {"0": 154.82893786369524, "2": 156.95222202950808, "3": 81.61494961096282}}, "2": {"pos": {"x": 415, "y": 240}, "type": "node", "neighbors": {"0": 129.46814279968643, "1": 156.95222202950808}}, "3": {"pos": {"x": 552, "y": 104}, "type": "node", "neighbors": {"0": 126.19429464123962, "1": 81.61494961096282}}}